{
  "iconPath": "./assets/fx/mustaches/icons/muchi1.png",

	"models": [
	{
		"type": "EmojiModel",
		"name": "Smile"
	}],
  
  "renderParams": [
    {
      "vertexShader": "./assets/shaders/vertex/orthoVertexShader.txt",
      "fragmentShader": "./assets/shaders/fragment/orthoFragmentShader.txt",
      "depthTest": "false",
      "blend": "true",
      "TAG": "smile & tongue 0"
    }
  ],
	
	"initialModules": [0, 1, 2, 3, 4],

  "modules": [
    {
      "iconPath": "./assets/fx/mustaches/icons/muchi1.png",
      "suits": [
        {
          "renderParamsID": 0,
          "emojiTexture": "./assets/fx/mustaches/2d_mixed_filters/muchi1.png",
          "emojiOffset": [ 0, -0.88, 0 ],
          "emojiScale": [ 1, 1 ]
        }
      ]
    },
    {
      "iconPath": "./assets/fx/mustaches/icons/muchi2.png",
      "suits": [
        {
          "renderParamsID": 0,
          "emojiTexture": "./assets/fx/mustaches/2d_mixed_filters/muchi2.png",
          "emojiOffset": [ 0, -0.6, 0 ],
          "emojiScale": [ 1, 1 ]
        }
      ]
    },
    {
      "iconPath": "./assets/fx/mustaches/icons/muchi3.png",
      "suits": [
        {
          "renderParamsID": 0,
          "emojiTexture": "./assets/fx/mustaches/2d_mixed_filters/muchi3.png",
          "emojiOffset": [ 0, -0.81, 0 ],
          "emojiScale": [ 1, 1 ]
        }
      ]
    },
    {
      "iconPath": "./assets/fx/mustaches/icons/muchi4.png",
      "suits": [
        {
          "renderParamsID": 0,
          "emojiTexture": "./assets/fx/mustaches/2d_mixed_filters/muchi4.png",
          "emojiOffset": [ 0, -0.91, 0 ],
          "emojiScale": [ 1, 1 ]
        }
      ]
    },
    {
      "iconPath": "./assets/fx/mustaches/icons/muchi5.png",
      "suits": [
        {
          "renderParamsID": 0,
          "emojiTexture": "./assets/fx/mustaches/2d_mixed_filters/muchi5.png",
          "emojiOffset": [ 0, -1.04, 0 ],
          "emojiScale": [ 1, 1 ]
        }
      ]
    },
    {
      "iconPath": "./assets/fx/mustaches/icons/muchi6.png",
      "suits": [
        {
          "renderParamsID": 0,
          "emojiTexture": "./assets/fx/mustaches/2d_mixed_filters/muchi6.png",
          "emojiOffset": [ 0, -0.85, 0 ],
          "emojiScale": [ 1, 1 ]
        }
      ]
    },
    {
      "iconPath": "./assets/fx/mustaches/icons/muchi7.png",
      "suits": [
        {
          "renderParamsID": 0,
          "emojiTexture": "./assets/fx/mustaches/2d_mixed_filters/muchi7.png",
          "emojiOffset": [ 0, -0.72, 0 ],
          "emojiScale": [ 1, 1 ]
        }
      ]
    }
  ]
}