{
  "iconPath": "./assets/fx/base_package/icons/helmet.png",
  
  "models": [
    {
      "type": "DepthMask",
      "modelScale": 1.9,
      "draw2DMask": "false",
      "modelShift": [ 0, 0, -0.1 ]
    },
    {
      "type": "3DModel",
      "name": "antlers",
      "OBJ": "./assets/fx/base_package/viking_helmet/Viking_Helmet.obj",
      "modelShift": [ 0, 0.85, 0.2 ],
      "modelScale": 2
    }
  ],

  "renderParams": [
    {
      "vertexShader": "./assets/shaders/vertex/simpleVertexShader.txt",
      "fragmentShader": "./assets/shaders/fragment/phongFragmentShader.txt",
      "cullFace": "false",
      "uniforms": [
        [ "cameraPos", 0, 0, 0, 1 ],
        [ "lightPos", 0, 1, 0, 0 ],
        [ "ambientLight", 0.6, 0.6, 0.6 ],
        [ "diffuseLight", 0.6, 0.6, 0.6 ],
        [ "specularLight", 0.2, 0.2, 0.2 ],
        [ "specularPower", 5 ]
      ]
    },{
      "COMMENT": "Hair",
      "vertexShader": "./assets/shaders/vertex/simpleVertexShader.txt",
      "fragmentShader": "./assets/shaders/fragment/phongFragmentShader.txt",
      "cullFace": "false",      
      "alphaTest": "true",
      "uniforms": [
        [ "cameraPos", 0, 0, 0, 1 ],
        [ "lightPos", 0.2, 0.4, 1, 0 ],
        [ "ambientLight", 0.6, 0.6, 0.6 ],
        [ "diffuseLight", 0.6, 0.6, 0.6 ],
        [ "specularLight", 0.15, 0.15, 0.15 ],
        [ "specularPower", 5 ]
      ]
    }
  ],	
	
  "modules": [
    {
      "iconPath": "./assets/fx/base_package/icons/helmet.png",
      "suits": [        
        {
          "renderParamsIDs": [ 1, 0 ],
          "modelTextures": [
            "./assets/fx/base_package/viking_helmet/YakHair_Texture2.png",
            "./assets/fx/base_package/viking_helmet/HelmetSurface_Color2.png"
          ]
        }
      ]
    }
  ]
}